{"cameraMode":{"drawMode":0,"name":"Shaded","section":"Shading Mode"},"sceneLighting":false,"audioPlay":false,"sceneViewState":{"m_AlwaysRefresh":false,"showFog":true,"showSkybox":false,"showFlares":true,"showImageEffects":true,"showParticleSystems":true,"showVisualEffectGraphs":true,"m_FxEnabled":true},"in2DMode":false,"pivot":{"x":17.140382766723634,"y":0.37429526448249819,"z":-1.0861140489578248},"rotation":{"x":-0.011702326126396656,"y":-0.9916415810585022,"z":0.1435903161764145,"w":0.0027705091051757337},"size":4.383153438568115,"orthographic":false}