{"cameraMode":{"drawMode":0,"name":"Shaded","section":"Shading Mode"},"sceneLighting":true,"audioPlay":false,"sceneViewState":{"m_AlwaysRefresh":false,"showFog":true,"showSkybox":false,"showFlares":true,"showImageEffects":true,"showParticleSystems":true,"showVisualEffectGraphs":true,"m_FxEnabled":true},"in2DMode":false,"pivot":{"x":-144.85000610351563,"y":24.900001525878908,"z":-80.55413818359375},"rotation":{"x":-0.03238852322101593,"y":0.7330477237701416,"z":0.03459692373871803,"w":0.6787965893745422},"size":15.668509483337403,"orthographic":false}