{"cameraMode":{"drawMode":0,"name":"Shaded","section":"Shading Mode"},"sceneLighting":true,"audioPlay":false,"sceneViewState":{"m_AlwaysRefresh":false,"showFog":true,"showSkybox":true,"showFlares":true,"showImageEffects":true,"showParticleSystems":true,"showVisualEffectGraphs":true,"m_FxEnabled":true},"in2DMode":false,"pivot":{"x":130.68621826171876,"y":13.188251495361329,"z":-50.97312927246094},"rotation":{"x":-0.3890785276889801,"y":-0.31484752893447878,"z":0.15301217138767243,"w":-0.8533009886741638},"size":30.619728088378908,"orthographic":false}