{"cameraMode":{"drawMode":0,"name":"Shaded","section":"Shading Mode"},"sceneLighting":false,"audioPlay":false,"sceneViewState":{"m_AlwaysRefresh":false,"showFog":true,"showSkybox":false,"showFlares":true,"showImageEffects":true,"showParticleSystems":true,"showVisualEffectGraphs":true,"m_FxEnabled":true},"in2DMode":false,"pivot":{"x":2.9802322387695315e-8,"y":0.23625579476356507,"z":-5.960464477539063e-8},"rotation":{"x":0.3732127249240875,"y":0.6236551403999329,"z":-0.37126049399375918,"w":0.5816838145256043},"size":0.48403874039649966,"orthographic":false}