{"cameraMode":{"drawMode":0,"name":"Shaded","section":"Shading Mode"},"sceneLighting":false,"audioPlay":false,"sceneViewState":{"m_AlwaysRefresh":false,"showFog":true,"showSkybox":false,"showFlares":true,"showImageEffects":true,"showParticleSystems":true,"showVisualEffectGraphs":true,"m_FxEnabled":true},"in2DMode":false,"pivot":{"x":0.0008869767189025879,"y":0.7003071904182434,"z":0.024898648262023927},"rotation":{"x":-0.4203272759914398,"y":-0.40661710500717165,"z":0.20202147960662843,"w":-0.7882599830627441},"size":1.1096476316452027,"orthographic":false}