{"cameraMode":{"drawMode":0,"name":"Shaded","section":"Shading Mode"},"sceneLighting":false,"audioPlay":false,"sceneViewState":{"m_AlwaysRefresh":false,"showFog":true,"showSkybox":false,"showFlares":true,"showImageEffects":true,"showParticleSystems":true,"showVisualEffectGraphs":true,"m_FxEnabled":true},"in2DMode":false,"pivot":{"x":11.006766319274903,"y":-6.056865692138672,"z":-41.81956481933594},"rotation":{"x":0.2634441554546356,"y":-0.06598124653100968,"z":0.027667678892612459,"w":0.9641277194023132},"size":5.0050249099731449,"orthographic":false}