{"cameraMode":{"drawMode":0,"name":"Shaded","section":"Shading Mode"},"sceneLighting":false,"audioPlay":false,"sceneViewState":{"m_AlwaysRefresh":false,"showFog":true,"showSkybox":false,"showFlares":true,"showImageEffects":true,"showParticleSystems":true,"showVisualEffectGraphs":true,"m_FxEnabled":true},"in2DMode":false,"pivot":{"x":0.44201093912124636,"y":0.39586141705513,"z":0.6228291988372803},"rotation":{"x":-0.07665899395942688,"y":-0.6744323968887329,"z":-0.04613855108618736,"w":0.7359395027160645},"size":0.45668599009513857,"orthographic":false}